model,vocabulary,correct,answered,accuracy
word2vec-google-news-300,3000000,70,79,0.8860759493670886
glove-wiki-gigaword-300,3000000,71,80,0.8875
fasttext-wiki-news-subwords-300,3000000,74,80,0.925
glove-twitter-200,2000000,44,78,0.5641025641025641
glove-twitter-100,1000000,39,78,0.5
